"producoes_id";"pesquisadores_id";"issn";"nomeartigo";"anoartigo";"documento_fts"
"eb60dfba-5564-4363-9c51-7c97b3694395";"8b10d287-0f6a-4f32-b9ce-7f7a6296b999";"15487709";"Correlation Between Transport and Occurrence of  Dengue Cases in Bahia";"2014";"'and':4A 'bahia':10A 'between':2A 'cardoso':14 'cases':8A 'correlation':1A 'dengue':7A 'hugo':11 'in':9A 'occurrence':5A 'of':6A 'pereira':13 'saba':12 'transport':3A"
"f25c8f61-d77e-47f7-b29e-9e69b5307d58";"8b10d287-0f6a-4f32-b9ce-7f7a6296b999";"03784371";"Self-organized critical phenomenon as a";"2014";"'a':7A 'as':6A 'cardoso':11 'critical':4A 'hugo':8 'organized':3A 'pereira':10 'phenomenon':5A 'saba':9 'self':2A 'self-organized':1A"
"054980ff-41dc-4d25-90a5-93a547847964";"8b10d287-0f6a-4f32-b9ce-7f7a6296b999";"14712458";"Spatio-temporal correlation networks of dengue in the state of Bahia";"2014";"'bahia':12A 'cardoso':16 'correlation':4A 'dengue':7A 'hugo':13 'in':8A 'networks':5A 'of':6A,11A 'pereira':15 'saba':14 'spatio':2A 'spatio-temporal':1A 'state':10A 'temporal':3A 'the':9A"
"86f9a8a7-7146-4c04-84cd-9bfaec1eb2ec";"8b10d287-0f6a-4f32-b9ce-7f7a6296b999";"19832192";"A Inovação no Processo Judicial Eletrônico para Administração da Justiça Brasileira";"2015";"'a':1A 'brasileira':7A 'cardoso':11 'da':6A 'hugo':8 'judicial':4A 'no':2A 'para':5A 'pereira':10 'processo':3A 'saba':9"
"ca0e3ca7-6ba4-48ec-96a0-844de2734e97";"8b10d287-0f6a-4f32-b9ce-7f7a6296b999";"21788030";"PRODUÇÃO DE PATENTES NA REGIÃO NORDESTE: UM ESTUDO COMPARATIVO ENTRE INSTITUIÇÕES DE ENSINO SUPERIOR PÚBLICAS NO PERÍODO DE 2002 A 2012";"2016";"'2002':14A '2012':16A 'a':15A 'cardoso':20 'comparativo':7A 'de':1A,9A,13A 'ensino':10A 'entre':8A 'estudo':6A 'hugo':17 'na':3A 'no':12A 'nordeste':4A 'patentes':2A 'pereira':19 'saba':18 'superior':11A 'um':5A"
"ccde8152-e417-4178-a912-bb20944f987c";"8b10d287-0f6a-4f32-b9ce-7f7a6296b999";"01291831";"Self-affinity in the dengue fever time series";"2016";"'affinity':3A 'cardoso':13 'dengue':6A 'fever':7A 'hugo':10 'in':4A 'pereira':12 'saba':11 'self':2A 'self-affinity':1A 'series':9A 'the':5A 'time':8A"
"f7965ceb-fceb-4bca-bb34-c713a71465ce";"8b10d287-0f6a-4f32-b9ce-7f7a6296b999";"01000233";"BIOSSEGURANÇA EM ONCOLOGIA E O PROFISSIONAL FARMACÊUTICO: ANÁLISE DE PRESCRIÇÃO E MANIPULAÇÃO DE MEDICAMENTOS ANTINEOPLÁSICOS";"2017";"'cardoso':13 'de':6A,8A 'e':3A,7A 'em':1A 'hugo':10 'medicamentos':9A 'o':4A 'oncologia':2A 'pereira':12 'profissional':5A 'saba':11"
"304fd71c-f64c-4a5e-b287-2009ce6944e1";"8b10d287-0f6a-4f32-b9ce-7f7a6296b999";"19832192";"A Revolução da Robótica Utilizando Lixo Eletrônico no Ensino Básico: Formação Ampliada e Menor Vulnerabilidade de Jovens à Violência nas Escolas Públicas";"2016";"'a':1A 'ampliada':7A 'cardoso':18 'da':2A 'de':11A 'e':8A 'ensino':6A 'escolas':14A 'hugo':15 'jovens':12A 'lixo':4A 'menor':9A 'nas':13A 'no':5A 'pereira':17 'saba':16 'utilizando':3A 'vulnerabilidade':10A"
"227bfc18-3d12-48a4-9407-a7f45ad36a42";"8b10d287-0f6a-4f32-b9ce-7f7a6296b999";"17466148";"Humoral and cellular immune responses in mice against secreted and somatic antigens from a Corynebacterium pseudotuberculosis attenuated strain: Immune response against a C. pseudotuberculosis strain";"2016";"'a':14A,22A 'against':8A,21A 'and':2A,10A 'antigens':12A 'attenuated':17A 'c':23A 'cardoso':29 'cellular':3A 'corynebacterium':15A 'from':13A 'hugo':26 'humoral':1A 'immune':4A,19A 'in':6A 'mice':7A 'pereira':28 'pseudotuberculosis':16A,24A 'response':20A 'responses':5A 'saba':27 'secreted':9A 'somatic':11A 'strain':18A,25A"
"686a6a78-06d7-40ce-9ca9-19449261f475";"8b10d287-0f6a-4f32-b9ce-7f7a6296b999";"18093957";"Indicações Geográficas como Estratégia para o Desenvolvimento Regional";"2017";"'cardoso':9 'como':1A 'desenvolvimento':4A 'hugo':6 'o':3A 'para':2A 'pereira':8 'regional':5A 'saba':7"
"70bb6811-6087-47c7-80e9-39484f5be9d6";"8b10d287-0f6a-4f32-b9ce-7f7a6296b999";"19818920";"Redes complexas de homônimos para análise semântica textual";"2017";"'cardoso':9 'complexas':2A 'de':3A 'hugo':6 'para':4A 'pereira':8 'redes':1A 'saba':7 'textual':5A"
"8604f687-7111-4f9f-b908-7b7b2d17dea8";"8b10d287-0f6a-4f32-b9ce-7f7a6296b999";"22309926";"ECOM - Computational Model for the Automatic Selection of Candidate Terms from Text Mining to Assist Ontology Building";"2017";"'assist':15A 'automatic':6A 'building':17A 'candidate':9A 'cardoso':21 'computational':2A 'ecom':1A 'for':4A 'from':11A 'hugo':18 'mining':13A 'model':3A 'of':8A 'ontology':16A 'pereira':20 'saba':19 'selection':7A 'terms':10A 'text':12A 'the':5A 'to':14A"
"6db3006f-2a43-4616-abfe-95db1b3f7d25";"8b10d287-0f6a-4f32-b9ce-7f7a6296b999";"19818920";"Inovação e empreendedorismo como caminhos para novos modelos de ensino/aprendizagem";"2017";"'caminhos':4A 'cardoso':13 'como':3A 'de':8A 'e':1A 'empreendedorismo':2A 'ensino/aprendizagem':9A 'hugo':10 'modelos':7A 'novos':6A 'para':5A 'pereira':12 'saba':11"
"015cbe65-2d01-42dd-b6f4-2ce81b3e4298";"8b10d287-0f6a-4f32-b9ce-7f7a6296b999";"00489697";"Nonlocal dispersal of dengue in the state of Bahia";"2018";"'bahia':9A 'cardoso':13 'dengue':4A 'dispersal':2A 'hugo':10 'in':5A 'nonlocal':1A 'of':3A,8A 'pereira':12 'saba':11 'state':7A 'the':6A"
"a24fd4ec-4b1d-48e7-95c5-5596dd09f9d3";"8b10d287-0f6a-4f32-b9ce-7f7a6296b999";"14131536";"Indicação de Procedência: potencial do Recôncavo da Bahia no reconhecimento da  produção artesanal de licores de frutas";"2017";"'artesanal':9A 'bahia':5A 'cardoso':17 'da':4A,8A 'de':1A,10A,12A 'do':3A 'frutas':13A 'hugo':14 'licores':11A 'no':6A 'pereira':16 'potencial':2A 'reconhecimento':7A 'saba':15"
"388a4346-8b6b-4df0-918c-f5163a6c430e";"8b10d287-0f6a-4f32-b9ce-7f7a6296b999";"03784371";"Self-affinity and self-organized criticality applied to the relationship between the economic arrangements and the dengue fever spread in Bahia";"2018";"'affinity':3A 'and':4A,17A 'applied':9A 'arrangements':16A 'bahia':23A 'between':13A 'cardoso':27 'criticality':8A 'dengue':19A 'economic':15A 'fever':20A 'hugo':24 'in':22A 'organized':7A 'pereira':26 'relationship':12A 'saba':25 'self':2A,6A 'self-affinity':1A 'self-organized':5A 'spread':21A 'the':11A,14A,18A 'to':10A"
"42db509f-2bed-42f4-b3dd-5042aaaa8be1";"8b10d287-0f6a-4f32-b9ce-7f7a6296b999";"18093957";"ANÁLISE DA RELAÇÃO DA CULTURA MAKER, FABLABS E ROBÓTICA EDUCACIONAL NA EDUCAÇÃO";"2019";"'cardoso':12 'cultura':3A 'da':1A,2A 'e':6A 'educacional':7A 'fablabs':5A 'hugo':9 'maker':4A 'na':8A 'pereira':11 'saba':10"
"5fa6e3cb-8521-486f-abce-1fdac8287cbd";"8b10d287-0f6a-4f32-b9ce-7f7a6296b999";"23170026";"CATÁLOGO DE AÇÕES DA AGÊNCIA UNEB DE INOVAÇÃO DURANTE O ANO DE 2018 COM BASE NA ESTRATÉGIA NACIONAL DE CT&I DO BRASIL 2016-2022";"2019";"'-2022':20A '2016':19A '2018':9A 'ano':7A 'base':11A 'brasil':18A 'cardoso':24 'com':10A 'ct':15A 'da':2A 'de':1A,4A,8A,14A 'do':17A 'durante':5A 'hugo':21 'i':16A 'na':12A 'nacional':13A 'o':6A 'pereira':23 'saba':22 'uneb':3A"
"f43bb5c3-1674-4afa-a1c7-62434987d1fe";"8b10d287-0f6a-4f32-b9ce-7f7a6296b999";"25254553";"CENÁRIO DO GRUPO DE APOIO ÀS CRIANÇAS COM CÂNCER (GACCBA): PROPOSTA DE UM AMBIENTE VIRTUAL COLABORATIVO COMO INSTRUMENTO DE INTERAÇÃO, PARTICIPAÇÃO E CONTRIBUIÇÃO PARA A INSTITUIÇÃO";"2020";"'a':18A 'ambiente':10A 'apoio':4A 'cardoso':22 'colaborativo':12A 'com':5A 'como':13A 'de':3A,8A,15A 'do':1A 'e':16A 'gaccba':6A 'grupo':2A 'hugo':19 'instrumento':14A 'para':17A 'pereira':21 'proposta':7A 'saba':20 'um':9A 'virtual':11A"
"bda2ba81-fe09-4b31-8cc2-9b87b4e0c38e";"8b10d287-0f6a-4f32-b9ce-7f7a6296b999";"23170026";"FACE SHIELD FOR LIFE 3D PRODUÇÃO COLABORATIVA USANDO A COMUNIDADE DE MAKERS DOS PROTETORES FACIAIS PADRÃO RC3 PARA OS PROFISSIONAIS DE SAÚDE EM SALVADOR";"2020";"'3d':5A 'a':8A 'cardoso':25 'colaborativa':6A 'comunidade':9A 'de':10A,19A 'dos':12A 'em':20A 'face':1A 'faciais':14A 'for':3A 'hugo':22 'life':4A 'makers':11A 'os':17A 'para':16A 'pereira':24 'profissionais':18A 'protetores':13A 'rc3':15A 'saba':23 'salvador':21A 'shield':2A 'usando':7A"
"58f5ae16-d510-420d-9a6a-d4524f815b63";"8b10d287-0f6a-4f32-b9ce-7f7a6296b999";"22309926";"A METHOD FOR ONTOLOGY MODELING BASED ON INSTANCES CONCEPTUAL CLASSIFICATION AND FORMALIZATION";"2020";"'a':1A 'and':11A 'based':6A 'cardoso':16 'classification':10A 'conceptual':9A 'for':3A 'formalization':12A 'hugo':13 'instances':8A 'method':2A 'modeling':5A 'on':7A 'ontology':4A 'pereira':15 'saba':14"
"1c4e9c18-3963-4a75-8f11-30bca62edb99";"8b10d287-0f6a-4f32-b9ce-7f7a6296b999";"00489697";"Relevance of transportation to correlations among criticality, physical means of propagation, and distribution of dengue fever cases in the state of Bahia";"2018";"'among':6A 'and':12A 'bahia':22A 'cardoso':26 'cases':17A 'correlations':5A 'criticality':7A 'dengue':15A 'distribution':13A 'fever':16A 'hugo':23 'in':18A 'means':9A 'of':2A,10A,14A,21A 'pereira':25 'physical':8A 'propagation':11A 'relevance':1A 'saba':24 'state':20A 'the':19A 'to':4A 'transportation':3A"
"9cb255e9-c517-4c4c-8ab6-7d8f3f17fd2b";"8b10d287-0f6a-4f32-b9ce-7f7a6296b999";"25253409";"Systemic arterial hypertension: treatment with Integrative and Complementary Health Practices";"2020";"'and':7A 'arterial':2A 'cardoso':14 'complementary':8A 'health':9A 'hugo':11 'hypertension':3A 'integrative':6A 'pereira':13 'practices':10A 'saba':12 'systemic':1A 'treatment':4A 'with':5A"
"32a4a52b-a365-4999-8999-113fd8e5106c";"8b10d287-0f6a-4f32-b9ce-7f7a6296b999";"18093957";"ROBÓTICA EDUCACIONAL: CONSTRUÇÃO DE UMA DINÂMICA A PARTIR DO ROBÔ ARDU EDUCATIONAL ROBOTICS: BUILDING A DYNAMIC BASED ON ROBOT ARDU";"2020";"'a':4A,11A 'ardu':7A,16A 'based':13A 'building':10A 'cardoso':20 'de':2A 'do':6A 'dynamic':12A 'educacional':1A 'educational':8A 'hugo':17 'on':14A 'partir':5A 'pereira':19 'robot':15A 'robotics':9A 'saba':18 'uma':3A"
"aa8f9b0f-7470-4955-858e-b117474990ce";"8b10d287-0f6a-4f32-b9ce-7f7a6296b999";"25253409";"Juventudes, formação política e fake news: vida ou morte da participação sociopolítica?";"2020";"'cardoso':12 'da':8A 'e':2A 'fake':3A 'hugo':9 'juventudes':1A 'morte':7A 'news':4A 'ou':6A 'pereira':11 'saba':10 'vida':5A"
"e5b3c62f-1a6a-4172-a6ac-c9a41fb2ba81";"8b10d287-0f6a-4f32-b9ce-7f7a6296b999";"25253409";"Um olhar teórico-prático da difusão da inovação e Propriedade Intelectual";"2020";"'cardoso':11 'da':3A,4A 'e':5A 'hugo':8 'intelectual':7A 'olhar':2A 'pereira':10 'propriedade':6A 'saba':9 'um':1A"
"8ce3af69-02d9-4cc6-91d4-96bb414c389d";"8b10d287-0f6a-4f32-b9ce-7f7a6296b999";"25258761";"ROBÔS CIRÚRGICOS: PROSPECÇÃO DE PATENTES RELACIONADAS A APLICAÇÕES HUMANAS";"2020";"'a':4A 'cardoso':9 'de':1A 'hugo':6 'humanas':5A 'patentes':2A 'pereira':8 'relacionadas':3A 'saba':7"
"de0c45b8-09d5-4ba8-ac7c-e3353d1c2297";"8b10d287-0f6a-4f32-b9ce-7f7a6296b999";"01672789";"Scaling effect in COVID-19 spreading: The role of heterogeneity in a hybrid ODE-network model with restrictions on the inter-cities flow";"2021";"'-19':5A 'a':12A 'cardoso':29 'cities':24A 'covid':4A 'effect':2A 'flow':25A 'heterogeneity':10A 'hugo':26 'hybrid':13A 'in':3A,11A 'inter':23A 'inter-cities':22A 'model':17A 'network':16A 'ode':15A 'ode-network':14A 'of':9A 'on':20A 'pereira':28 'restrictions':19A 'role':8A 'saba':27 'scaling':1A 'spreading':6A 'the':7A,21A 'with':18A"
"a8e38fbb-21e1-4c8e-9783-a91f8332aa4e";"8b10d287-0f6a-4f32-b9ce-7f7a6296b999";"25253409";"Spatial-temporal Correlation of Dengue Fever and Climatic Variables in the City of São Paulo, Brazil";"2021";"'and':8A 'brazil':16A 'cardoso':20 'city':13A 'climatic':9A 'correlation':4A 'dengue':6A 'fever':7A 'hugo':17 'in':11A 'of':5A,14A 'paulo':15A 'pereira':19 'saba':18 'spatial':2A 'spatial-temporal':1A 'temporal':3A 'the':12A 'variables':10A"
"ff5103fc-8529-4aa0-a03c-cc5f6d0b25c6";"8b10d287-0f6a-4f32-b9ce-7f7a6296b999";"25253409";"Implicações da desinformação e da infodemia no contexto da pandemia da Covid-19";"2021";"'-19':11A 'cardoso':15 'contexto':6A 'covid':10A 'da':1A,3A,7A,9A 'e':2A 'hugo':12 'infodemia':4A 'no':5A 'pandemia':8A 'pereira':14 'saba':13"
"ed9a5757-3020-4557-ac80-d0a1cbca17aa";"8b10d287-0f6a-4f32-b9ce-7f7a6296b999";"25253409";"Inteligência artificial em ambientes virtuais de ensino e aprendizagem: Uma proposta de modelo";"2021";"'ambientes':3A 'aprendizagem':8A 'artificial':1A 'cardoso':16 'de':5A,11A 'e':7A 'em':2A 'ensino':6A 'hugo':13 'modelo':12A 'pereira':15 'proposta':10A 'saba':14 'uma':9A 'virtuais':4A"
"a548764e-9912-421d-975d-3ce146f082f2";"8b10d287-0f6a-4f32-b9ce-7f7a6296b999";"25956825";"Dinâmica de ensino baseada em fabricação digital e PBL para apoiar os professores de psicologia na apresentação do Teste de Pirâmide Colorida Pfister / Teaching dynamics based on digital fabrication and PBL to support psychology teachers in presenting the Pfister Color Pyramid Test";"2021";"'and':26A 'apoiar':9A 'baseada':3A 'based':22A 'cardoso':42 'color':36A 'colorida':18A 'de':1A,12A,17A 'digital':5A,24A 'do':15A 'dynamics':21A 'e':6A 'em':4A 'ensino':2A 'fabrication':25A 'hugo':39 'in':32A 'na':14A 'on':23A 'os':10A 'para':8A 'pbl':7A,27A 'pereira':41 'pfister':19A,35A 'presenting':33A 'professores':11A 'psicologia':13A 'psychology':30A 'pyramid':37A 'saba':40 'support':29A 'teachers':31A 'teaching':20A 'test':38A 'teste':16A 'the':34A 'to':28A"
"c0c57c2f-08a6-48c4-ae9f-24d8c2827a95";"8b10d287-0f6a-4f32-b9ce-7f7a6296b999";"19326203";"Correlation between hospitalized patients? demographics, symptoms, comorbidities, and COVID-19 pandemic in Bahia, Brazil";"2020";"'-19':10A 'and':8A 'bahia':13A 'between':2A 'brazil':14A 'cardoso':18 'comorbidities':7A 'correlation':1A 'covid':9A 'demographics':5A 'hospitalized':3A 'hugo':15 'in':12A 'pandemic':11A 'patients':4A 'pereira':17 'saba':16 'symptoms':6A"
"e5d0f27b-fd3b-47ae-ab13-9cc96d6768ea";"8b10d287-0f6a-4f32-b9ce-7f7a6296b999";"22309926";"Practices with educational robotics in professional and technological education";"2017";"'and':7A 'cardoso':13 'education':9A 'educational':3A 'hugo':10 'in':5A 'pereira':12 'practices':1A 'professional':6A 'robotics':4A 'saba':11 'technological':8A 'with':2A"
"a1ba4d7b-b025-438d-bb3e-7aae0c9c1968";"8b10d287-0f6a-4f32-b9ce-7f7a6296b999";"09277757";"Preparation of hybrid nanocomposite particles for medical practices";"2021";"'cardoso':12 'for':6A 'hugo':9 'hybrid':3A 'medical':7A 'nanocomposite':4A 'of':2A 'particles':5A 'pereira':11 'practices':8A 'preparation':1A 'saba':10"
"1e98d79c-f186-4ac1-b81a-ba74bc2737f8";"8b10d287-0f6a-4f32-b9ce-7f7a6296b999";"25253409";"A teoria fundamentada em dados aplicada ao campo da educação superior";"2021";"'a':1A 'ao':7A 'aplicada':6A 'campo':8A 'cardoso':14 'da':9A 'dados':5A 'em':4A 'fundamentada':3A 'hugo':11 'pereira':13 'saba':12 'superior':10A 'teoria':2A"
"825144a2-3847-4d62-a3d0-465a858ac44f";"8b10d287-0f6a-4f32-b9ce-7f7a6296b999";"20452322";"A spatio-temporal analysis of dengue spread in a Brazilian dry climate region";"2021";"'a':1A,10A 'analysis':5A 'brazilian':11A 'cardoso':18 'climate':13A 'dengue':7A 'dry':12A 'hugo':15 'in':9A 'of':6A 'pereira':17 'region':14A 'saba':16 'spatio':3A 'spatio-temporal':2A 'spread':8A 'temporal':4A"
"fc7bf2d2-3a93-4b51-933a-65732278d787";"8b10d287-0f6a-4f32-b9ce-7f7a6296b999";"20711050";"Analysis of Hydrous Ethanol Price Competitiveness after the Implementation of the Fossil Fuel Import Price Parity Policy in Brazil";"2021";"'after':7A 'analysis':1A 'brazil':19A 'cardoso':23 'competitiveness':6A 'ethanol':4A 'fossil':12A 'fuel':13A 'hugo':20 'hydrous':3A 'implementation':9A 'import':14A 'in':18A 'of':2A,10A 'parity':16A 'pereira':22 'policy':17A 'price':5A,15A 'saba':21 'the':8A,11A"
"15f58a66-8390-4ae2-90ee-dc718a491017";"8b10d287-0f6a-4f32-b9ce-7f7a6296b999";"16604601";"A Critical Analysis of the COVID-19 Hospitalization Network in Countries with Limited Resources";"2022";"'-19':7A 'a':1A 'analysis':3A 'cardoso':18 'countries':11A 'covid':6A 'critical':2A 'hospitalization':8A 'hugo':15 'in':10A 'limited':13A 'network':9A 'of':4A 'pereira':17 'resources':14A 'saba':16 'the':5A 'with':12A"
"96e32beb-3cdd-460e-a48c-55a7dfb29b0c";"8b10d287-0f6a-4f32-b9ce-7f7a6296b999";"24112933";"Media Bios and Artificial Intelligence: the dark side of Fake News";"2022";"'and':3A 'artificial':4A 'bios':2A 'cardoso':15 'dark':7A 'fake':10A 'hugo':12 'intelligence':5A 'media':1A 'news':11A 'of':9A 'pereira':14 'saba':13 'side':8A 'the':6A"
"0abe4341-cc70-481d-aeec-7be7b6ab0ae6";"8b10d287-0f6a-4f32-b9ce-7f7a6296b999";"24112933";"A Proposal for the Integration of the Energy Matrix from a Graph Theory Perspective";"2022";"'a':1A,11A 'cardoso':18 'energy':8A 'for':3A 'from':10A 'graph':12A 'hugo':15 'integration':5A 'matrix':9A 'of':6A 'pereira':17 'perspective':14A 'proposal':2A 'saba':16 'the':4A,7A 'theory':13A"
"879bd981-7070-4d18-85d1-ffca0f6f3eff";"8b10d287-0f6a-4f32-b9ce-7f7a6296b999";"17554365";"Synchronized spread of COVID-19 in the cities of Bahia, Brazil";"2022";"'-19':5A 'bahia':10A 'brazil':11A 'cardoso':15 'cities':8A 'covid':4A 'hugo':12 'in':6A 'of':3A,9A 'pereira':14 'saba':13 'spread':2A 'synchronized':1A 'the':7A"
"86cf00af-bea1-431d-9fe7-706b64f092bb";"8b10d287-0f6a-4f32-b9ce-7f7a6296b999";"20711050";"Induction of a Consumption Pattern for Ethanol and Gasoline in Brazil";"2022";"'a':3A 'and':8A 'brazil':11A 'cardoso':15 'consumption':4A 'ethanol':7A 'for':6A 'gasoline':9A 'hugo':12 'in':10A 'induction':1A 'of':2A 'pattern':5A 'pereira':14 'saba':13"
"b6b54cee-e458-4645-a1d5-dd6e691af5c2";"8b10d287-0f6a-4f32-b9ce-7f7a6296b999";"21788030";"IMPRESSÃO 3D: DA PESQUISA AO SETOR PRODUTIVO UM ESTUDO EXPLORATÓRIO SOBRE SUA EVOLUÇÃO HISTÓRICA, ORIGEM, TECNOLOGIAS, APLICAÇÕES E INOVAÇÕES";"2022";"'3d':1A 'ao':4A 'cardoso':17 'da':2A 'e':13A 'estudo':8A 'hugo':14 'origem':11A 'pereira':16 'pesquisa':3A 'produtivo':6A 'saba':15 'setor':5A 'sobre':9A 'sua':10A 'tecnologias':12A 'um':7A"
"bcacfaa8-4fe0-4431-bbd2-6f174e89e568";"8b10d287-0f6a-4f32-b9ce-7f7a6296b999";"2076393X";"Retrospective Cohort Study of COVID-19 in Patients of the Brazilian Public Health System with SARS-CoV-2 Omicron Variant Infection";"2022";"'-19':6A '2':19A 'brazilian':11A 'cardoso':26 'cohort':2A 'cov':18A 'covid':5A 'health':13A 'hugo':23 'in':7A 'infection':22A 'of':4A,9A 'omicron':20A 'patients':8A 'pereira':25 'public':12A 'retrospective':1A 'saba':24 'sars':17A 'sars-cov':16A 'study':3A 'system':14A 'the':10A 'variant':21A 'with':15A"
"630b4aa6-f7a4-4d1b-8a37-e996e6265648";"8b10d287-0f6a-4f32-b9ce-7f7a6296b999";"23496495";"Business Incubators and Sustainability: A Literature Review";"2022";"'a':5A 'and':3A 'business':1A 'cardoso':11 'hugo':8 'incubators':2A 'literature':6A 'pereira':10 'review':7A 'saba':9 'sustainability':4A"
"80088d67-aa59-483a-8be6-342308700eeb";"8b10d287-0f6a-4f32-b9ce-7f7a6296b999";"21757275";"Centroid model applied for energy scenarios in regions with limited resources";"2022";"'applied':3A 'cardoso':15 'centroid':1A 'energy':5A 'for':4A 'hugo':12 'in':7A 'limited':10A 'model':2A 'pereira':14 'regions':8A 'resources':11A 'saba':13 'scenarios':6A 'with':9A"
"a402b126-48b3-4e3a-a8aa-1c695a551a85";"8b10d287-0f6a-4f32-b9ce-7f7a6296b999";"2296424X";"Renewable sources to promote well-being in poor regions of Brazil";"2022";"'being':7A 'brazil':12A 'cardoso':16 'hugo':13 'in':8A 'of':11A 'pereira':15 'poor':9A 'promote':4A 'regions':10A 'renewable':1A 'saba':14 'sources':2A 'to':3A 'well':6A 'well-being':5A"
"ed2979f4-e12c-49d1-8e85-4aee542d44db";"8b10d287-0f6a-4f32-b9ce-7f7a6296b999";"2296424X";"Network analysis of spreading of dengue, Zika and chikungunya in the state of Bahia based on notified, confirmed and discarded cases";"2022";"'analysis':2A 'and':8A,19A 'bahia':14A 'based':15A 'cardoso':25 'cases':21A 'chikungunya':9A 'confirmed':18A 'dengue':6A 'discarded':20A 'hugo':22 'in':10A 'network':1A 'notified':17A 'of':3A,5A,13A 'on':16A 'pereira':24 'saba':23 'spreading':4A 'state':12A 'the':11A 'zika':7A"
"bb7e81f9-a743-48cf-91c8-7cfdd46fc386";"8b10d287-0f6a-4f32-b9ce-7f7a6296b999";"25253514";"Os jovens podem participar? Considerações acerca da participação e formação políticas juvenis";"2022";"'acerca':5A 'cardoso':12 'da':6A 'e':7A 'hugo':9 'jovens':2A 'juvenis':8A 'os':1A 'participar':4A 'pereira':11 'podem':3A 'saba':10"
"4afdc3ee-7c4b-4884-8067-7aab448355b8";"8b10d287-0f6a-4f32-b9ce-7f7a6296b999";"09600779";"Complex network analysis of arboviruses in the same geographic domain: Differences and similarities";"2023";"'analysis':3A 'and':12A 'arboviruses':5A 'cardoso':17 'complex':1A 'differences':11A 'domain':10A 'geographic':9A 'hugo':14 'in':6A 'network':2A 'of':4A 'pereira':16 'saba':15 'same':8A 'similarities':13A 'the':7A"
"8a7830a7-751c-4baa-b14b-379673dcc16c";"8b10d287-0f6a-4f32-b9ce-7f7a6296b999";"00489697";"Paradox between adequate sanitation and rainfall in dengue fever cases";"2023";"'adequate':3A 'and':5A 'between':2A 'cardoso':14 'cases':10A 'dengue':8A 'fever':9A 'hugo':11 'in':7A 'paradox':1A 'pereira':13 'rainfall':6A 'saba':12 'sanitation':4A"
"1050c200-cc93-4ac1-a1a3-ad400fba98c2";"8b10d287-0f6a-4f32-b9ce-7f7a6296b999";"21789010";"Desenvolvimento sustentável: uma proposta para descarbonização de frotas de veículos";"2023";"'cardoso':11 'de':5A,7A 'desenvolvimento':1A 'frotas':6A 'hugo':8 'para':4A 'pereira':10 'proposta':3A 'saba':9 'uma':2A"
"a286f20f-a93a-4c87-8763-578a5aadd3c7";"8b10d287-0f6a-4f32-b9ce-7f7a6296b999";"21789010";"Persistências e rupturas no estudo do Coronavírus após a epidemia da COVID-19";"2023";"'-19':10A 'a':6A 'cardoso':14 'covid':9A 'da':8A 'do':5A 'e':1A 'epidemia':7A 'estudo':4A 'hugo':11 'no':3A 'pereira':13 'rupturas':2A 'saba':12"
"d4f24a8d-fb02-4aa7-b652-2853940e3698";"8b10d287-0f6a-4f32-b9ce-7f7a6296b999";"21757275";"Uma Revisão Sistemática dos Indicadores da Saúde e Bem-Estar no Brasil: Cenário Atual e Perspectivas Futuras da Agenda 2030";"2023";"'2030':17A 'agenda':16A 'atual':11A 'bem':7A 'bem-estar':6A 'brasil':10A 'cardoso':21 'da':4A,15A 'dos':2A 'e':5A,12A 'estar':8A 'futuras':14A 'hugo':18 'indicadores':3A 'no':9A 'pereira':20 'perspectivas':13A 'saba':19 'uma':1A"
"6b7e94d6-fac5-475c-84a0-d9dee84e0edc";"8b10d287-0f6a-4f32-b9ce-7f7a6296b999";"23166517";"SAÚDE PÚBLICA: PROSPECÇÃO TECNOLÓGICA DOS REGISTROS DE SOFTWARES PARA O COMBATE A DENGUE";"2022";"'a':8A 'cardoso':13 'combate':7A 'de':3A 'dengue':9A 'dos':1A 'hugo':10 'o':6A 'para':5A 'pereira':12 'registros':2A 'saba':11 'softwares':4A"
"0e1aeb98-fb0a-4321-bc93-2b7bdc2601dc";"8b10d287-0f6a-4f32-b9ce-7f7a6296b999";"19887833";"Diretrizes para o planejamento de um ambiente de aprendizagem neuroarqeducativo";"2023";"'ambiente':7A 'aprendizagem':9A 'cardoso':14 'de':5A,8A 'diretrizes':1A 'hugo':11 'neuroarqeducativo':10A 'o':3A 'para':2A 'pereira':13 'planejamento':4A 'saba':12 'um':6A"
"323b08f0-e33c-4d6e-9498-3ca71c75bec4";"8b10d287-0f6a-4f32-b9ce-7f7a6296b999";"15411389";"Aprendizagem organizacional: sinergia interdisciplinar nos saberes";"2023";"'aprendizagem':1A 'cardoso':10 'hugo':7 'interdisciplinar':4A 'nos':5A 'organizacional':2A 'pereira':9 'saba':8 'saberes':6A 'sinergia':3A"
"1e917678-fb23-4cb0-95f4-940926849ca2";"8b10d287-0f6a-4f32-b9ce-7f7a6296b999";"20711050";"Renewable Energy Generation Technologies for Decarbonizing Urban Vertical Buildings: A Path towards Net Zero";"2023";"'a':10A 'buildings':9A 'cardoso':18 'decarbonizing':6A 'energy':2A 'for':5A 'generation':3A 'hugo':15 'net':13A 'path':11A 'pereira':17 'renewable':1A 'saba':16 'technologies':4A 'towards':12A 'urban':7A 'vertical':8A 'zero':14A"
"3c39e433-5285-4bdb-addb-b5e447961887";"8b10d287-0f6a-4f32-b9ce-7f7a6296b999";"15411389";"Mapeamento científico e tecnológico sobre Impressão 3D";"2023";"'3d':4A 'cardoso':8 'e':2A 'hugo':5 'mapeamento':1A 'pereira':7 'saba':6 'sobre':3A"
"9cfac4ae-580a-4da8-92b8-105281d1332a";"8b10d287-0f6a-4f32-b9ce-7f7a6296b999";"21789010";"Estudo da aplicação de algoritmos de machine learning na manutenção preditiva de motores elétricos";"2023";"'algoritmos':4A 'cardoso':15 'da':2A 'de':3A,5A,10A 'estudo':1A 'hugo':12 'learning':7A 'machine':6A 'motores':11A 'na':8A 'pereira':14 'preditiva':9A 'saba':13"
"480ba801-eda9-42cc-8104-aea5b903aee0";"8b10d287-0f6a-4f32-b9ce-7f7a6296b999";"00105236";"Epidemiological outbreaks of dengue, chikungunya and zika from 2015 to 2019: Rio de Janeiro case";"2023";"'2015':9A '2019':11A 'and':6A 'cardoso':19 'case':15A 'chikungunya':5A 'de':13A 'dengue':4A 'epidemiological':1A 'from':8A 'hugo':16 'janeiro':14A 'of':3A 'outbreaks':2A 'pereira':18 'rio':12A 'saba':17 'to':10A 'zika':7A"
"76eac7da-d7fd-4894-a7d4-d0598e3460ac";"8b10d287-0f6a-4f32-b9ce-7f7a6296b999";"00105236";"Maker Culture: dissemination of knowledge and development of skills and competencies for the 21st century";"2023";"'21st':14A 'and':6A,10A 'cardoso':19 'century':15A 'competencies':11A 'culture':2A 'development':7A 'dissemination':3A 'for':12A 'hugo':16 'knowledge':5A 'maker':1A 'of':4A,8A 'pereira':18 'saba':17 'skills':9A 'the':13A"
"2721faf2-34be-4e18-a7d3-d3528ca86c53";"8b10d287-0f6a-4f32-b9ce-7f7a6296b999";"00105236";"Comparison of multilayer perceptron neural network architecture in photovoltaic plants fault classification";"2023";"'architecture':7A 'cardoso':16 'classification':12A 'comparison':1A 'fault':11A 'hugo':13 'in':8A 'multilayer':3A 'network':6A 'neural':5A 'of':2A 'perceptron':4A 'pereira':15 'photovoltaic':9A 'plants':10A 'saba':14"
"f4c2747d-3291-4b90-8038-1c9c66e366d1";"8b10d287-0f6a-4f32-b9ce-7f7a6296b999";"23293284";"The Importance of the Facility Location Techniques to Assist Companies in Decision-Making for the Installation of Logistics Hub";"2024";"'assist':9A 'cardoso':24 'companies':10A 'decision':13A 'decision-making':12A 'facility':5A 'for':15A 'hub':20A 'hugo':21 'importance':2A 'in':11A 'installation':17A 'location':6A 'logistics':19A 'making':14A 'of':3A,18A 'pereira':23 'saba':22 'techniques':7A 'the':1A,4A,16A 'to':8A"
"6c2ddaec-5074-4093-9c8b-5afdf2953637";"8b10d287-0f6a-4f32-b9ce-7f7a6296b999";"21789010";"Scenarios and opportunities in the sugar and ethanol industry - challenges and opportunities towards a low carbon economy in Brazil";"2024";"'a':14A 'and':2A,7A,11A 'brazil':19A 'carbon':16A 'cardoso':23 'challenges':10A 'economy':17A 'ethanol':8A 'hugo':20 'in':4A,18A 'industry':9A 'low':15A 'opportunities':3A,12A 'pereira':22 'saba':21 'scenarios':1A 'sugar':6A 'the':5A 'towards':13A"
"2a65c09c-0fdc-441f-a486-aa5c64de8f0a";"8b10d287-0f6a-4f32-b9ce-7f7a6296b999";"19830882";"A espiritualidade/religiosidade na formação do pedagogo/ professor pesquisado (R) implicado: reflexões autoetnográficas";"2024";"'a':1A 'cardoso':13 'do':4A 'espiritualidade/religiosidade':2A 'hugo':10 'implicado':9A 'na':3A 'pedagogo':5A 'pereira':12 'pesquisado':7A 'professor':6A 'r':8A 'saba':11"
"aedf7254-0c10-4b20-8e51-d342344ba309";"8b10d287-0f6a-4f32-b9ce-7f7a6296b999";"21789010";"Desenvolvimento de instrumento de pesquisa para identificação de modelos de elaboração da estratégia em burocracias profissionais: validação de conteúdo";"2024";"'burocracias':12A 'cardoso':18 'da':10A 'de':2A,4A,7A,9A,14A 'desenvolvimento':1A 'em':11A 'hugo':15 'instrumento':3A 'modelos':8A 'para':6A 'pereira':17 'pesquisa':5A 'profissionais':13A 'saba':16"
"46aed0b1-722a-446a-8764-a9232f94517d";"8b10d287-0f6a-4f32-b9ce-7f7a6296b999";"19830882";"Percepções juvenis sobre as fake news em seus processos de formação e participação políticas";"2024";"'as':3A 'cardoso':14 'de':9A 'e':10A 'em':6A 'fake':4A 'hugo':11 'juvenis':1A 'news':5A 'pereira':13 'processos':8A 'saba':12 'seus':7A 'sobre':2A"
"487cb650-8d00-4cfd-ab04-1390b8c7fe12";"8b10d287-0f6a-4f32-b9ce-7f7a6296b999";"21789010";"Juventude, política e fake news: metaestudo das produções acadêmicas em periódicos científicos entre os anos 2009 e 2019";"2024";"'2009':11A '2019':13A 'anos':10A 'cardoso':17 'das':6A 'e':2A,12A 'em':7A 'entre':8A 'fake':3A 'hugo':14 'juventude':1A 'metaestudo':5A 'news':4A 'os':9A 'pereira':16 'saba':15"
"9b1c166d-5e27-4512-b3c4-c76e5a9d7c9f";"8b10d287-0f6a-4f32-b9ce-7f7a6296b999";"21789010";"Transparência, comunicação, informação e movimentos sociais: formação política e participação sociopolítica dos portais institucionais";"2024";"'cardoso':11 'dos':5A 'e':1A,4A 'hugo':8 'institucionais':7A 'movimentos':2A 'pereira':10 'portais':6A 'saba':9 'sociais':3A"
"c5c75a86-58c7-46ff-ace4-c988dd35d531";"8b10d287-0f6a-4f32-b9ce-7f7a6296b999";"00105236";"The complex networks of an entrepreneurship and innovation ecosystem: proposal for a representation model";"2024";"'a':12A 'an':5A 'and':7A 'cardoso':18 'complex':2A 'ecosystem':9A 'entrepreneurship':6A 'for':11A 'hugo':15 'innovation':8A 'model':14A 'networks':3A 'of':4A 'pereira':17 'proposal':10A 'representation':13A 'saba':16 'the':1A"
"88040273-2567-41ae-844a-04796f2a250c";"8b10d287-0f6a-4f32-b9ce-7f7a6296b999";"24112933";"Architectural design of classroom to stimulate learning in Higher Education";"2022";"'architectural':1A 'cardoso':14 'classroom':4A 'design':2A 'education':10A 'higher':9A 'hugo':11 'in':8A 'learning':7A 'of':3A 'pereira':13 'saba':12 'stimulate':6A 'to':5A"
"dc98b0e0-da32-40cc-843e-f1e933212727";"3ed703ca-7f43-4b67-bffe-32005dd5f76d";"19805551";"Estrutura Organizacional Alernativa Para Desenvolvimento de Software, em Fábrica de Software";"2007";"'alernativa':3A 'de':6A,9A,13 'desenvolvimento':5A 'eduardo':11 'em':8A 'estrutura':1A 'freitas':14 'jorge':15 'manuel':12 'organizacional':2A 'para':4A 'software':7A,10A"
"81e58897-658f-417c-a929-eeb1f9404bc2";"3ed703ca-7f43-4b67-bffe-32005dd5f76d";"03029743";"A Framework for Context-Aware Systems in Mobile Devices";"2012";"'a':1A 'aware':6A 'context':5A 'context-aware':4A 'de':13 'devices':10A 'eduardo':11 'for':3A 'framework':2A 'freitas':14 'in':8A 'jorge':15 'manuel':12 'mobile':9A 'systems':7A"
"ffb85bb5-c372-4485-97e9-1a156e2f6f5c";"3ed703ca-7f43-4b67-bffe-32005dd5f76d";"21792534";"Perspectiva teórico epistemológica da modelagem conceitual relacionada com a análise cognitiva e semiótica no contexto da difusão do conhecimento em ambientes virtuais de aprendizagem";"2012";"'a':7A 'ambientes':16A 'aprendizagem':19A 'cognitiva':8A 'com':6A 'conceitual':4A 'conhecimento':14A 'contexto':11A 'da':2A,12A 'de':18A,22 'do':13A 'e':9A 'eduardo':20 'em':15A 'freitas':23 'jorge':24 'manuel':21 'modelagem':3A 'no':10A 'perspectiva':1A 'relacionada':5A 'virtuais':17A"
"d6222170-8900-4cb3-b5d7-aa1ce1f1b525";"3ed703ca-7f43-4b67-bffe-32005dd5f76d";"22360972";"GERENCIAMENTO DE PROJETO OTIMISTA (GPO): UM MÉTODO QUE INTEGRA PERT/CPM À CCPM";"2011";"'ccpm':10A 'de':2A,13 'eduardo':11 'freitas':14 'gerenciamento':1A 'gpo':5A 'integra':8A 'jorge':15 'manuel':12 'otimista':4A 'pert/cpm':9A 'projeto':3A 'que':7A 'um':6A"
"2e3510c7-047a-452a-bdb2-677400252e15";"3ed703ca-7f43-4b67-bffe-32005dd5f76d";"00313203";"A mobile, lightweight, poll-based food identification system";"2014";"'a':1A 'based':6A 'de':12 'eduardo':10 'food':7A 'freitas':13 'identification':8A 'jorge':14 'lightweight':3A 'manuel':11 'mobile':2A 'poll':5A 'poll-based':4A 'system':9A"
"c0b1b3b0-bdbd-4335-b318-f28ca3515c3b";"3ed703ca-7f43-4b67-bffe-32005dd5f76d";"15487709";"Correlation between Transport and Occurrence of Dengue Cases in Bahia";"2014";"'and':4A 'bahia':10A 'between':2A 'cases':8A 'correlation':1A 'de':13 'dengue':7A 'eduardo':11 'freitas':14 'in':9A 'jorge':15 'manuel':12 'occurrence':5A 'of':6A 'transport':3A"
"0dcfe193-cede-4a42-a6bd-7ae6d2684416";"3ed703ca-7f43-4b67-bffe-32005dd5f76d";"19832192";"A INOVAÇÃO NO PROCESSO JUDICIAL ELETRÔNICO DA   BAHIA PARA ADMINISTRAÇÃO DA JUSTIÇA BRASILEIRA";"2015";"'a':1A 'bahia':6A 'brasileira':9A 'da':5A,8A 'de':12 'eduardo':10 'freitas':13 'jorge':14 'judicial':4A 'manuel':11 'no':2A 'para':7A 'processo':3A"
"282af9c0-9463-4cd0-90a8-5eddd4bd24ce";"3ed703ca-7f43-4b67-bffe-32005dd5f76d";"19832192";"A REVOLUÇÃO DA ROBÓTICA UTILIZANDO LIXO ELETRÔNICO NO ENSINO BÁSICO: FORMAÇÃO AMPLIADA E MENOR VULNERABILIDADE DE JOVENS À VIOLÊNCIA NAS ESCOLAS PÚBLICAS";"2016";"'a':1A 'ampliada':7A 'da':2A 'de':11A,17 'e':8A 'eduardo':15 'ensino':6A 'escolas':14A 'freitas':18 'jorge':19 'jovens':12A 'lixo':4A 'manuel':16 'menor':9A 'nas':13A 'no':5A 'utilizando':3A 'vulnerabilidade':10A"
"7facc32a-797a-4d91-bf7d-daf331d1d1d3";"3ed703ca-7f43-4b67-bffe-32005dd5f76d";"18093957";"ASPECTOS COGNITIVOS DE APRENDIZAGEM MOTIVADOS POR JOGOS EDUCATIVOS DIGITAIS";"2017";"'aprendizagem':4A 'aspectos':1A 'cognitivos':2A 'de':3A,12 'digitais':9A 'eduardo':10 'educativos':8A 'freitas':13 'jogos':7A 'jorge':14 'manuel':11 'motivados':5A 'por':6A"
"4bcc59b8-4139-4e36-9044-bad91a2305ed";"3ed703ca-7f43-4b67-bffe-32005dd5f76d";"22309926";"ECOM - COMPUTATIONAL MODEL FOR THE AUTOMATIC SELECTION OF CANDIDATE TERMS FROM TEXT MINING TO ASSIST ONTOLOGY BUILDING";"2017";"'assist':15A 'automatic':6A 'building':17A 'candidate':9A 'computational':2A 'de':20 'ecom':1A 'eduardo':18 'for':4A 'freitas':21 'from':11A 'jorge':22 'manuel':19 'mining':13A 'model':3A 'of':8A 'ontology':16A 'selection':7A 'terms':10A 'text':12A 'the':5A 'to':14A"
"a462acd2-78a3-4df5-aea3-bca1afdb7c88";"3ed703ca-7f43-4b67-bffe-32005dd5f76d";"19818920";"Redes complexas de homônimos para análise semântica textual";"2017";"'complexas':2A 'de':3A,8 'eduardo':6 'freitas':9 'jorge':10 'manuel':7 'para':4A 'redes':1A 'textual':5A"
"bafcef3e-18b3-43cc-8e7c-139eb1b44c16";"3ed703ca-7f43-4b67-bffe-32005dd5f76d";"19818920";"Inovação e empreendedorismo como caminhos para novos modelos de ensino/aprendizagem";"2017";"'caminhos':4A 'como':3A 'de':8A,12 'e':1A 'eduardo':10 'empreendedorismo':2A 'ensino/aprendizagem':9A 'freitas':13 'jorge':14 'manuel':11 'modelos':7A 'novos':6A 'para':5A"
"08197d2c-e682-4b3f-8d86-bb5d12cd391a";"3ed703ca-7f43-4b67-bffe-32005dd5f76d";"22372903";"Um Sistema de apoio a Gerência de Requisitos Aderente ao MPS.BR";"2018";"'a':5A 'aderente':8A 'ao':9A 'apoio':4A 'de':3A,6A,13 'eduardo':11 'freitas':14 'jorge':15 'manuel':12 'mps.br':10A 'requisitos':7A 'sistema':2A 'um':1A"
"4054a496-c4c9-4fc5-90ef-76309e87e7be";"3ed703ca-7f43-4b67-bffe-32005dd5f76d";"00489697";"Relevance of transportation to correlations among criticality, physical means of propagation, and distribution of dengue fever cases in the state of Bahia";"2018";"'among':6A 'and':12A 'bahia':22A 'cases':17A 'correlations':5A 'criticality':7A 'de':25 'dengue':15A 'distribution':13A 'eduardo':23 'fever':16A 'freitas':26 'in':18A 'jorge':27 'manuel':24 'means':9A 'of':2A,10A,14A,21A 'physical':8A 'propagation':11A 'relevance':1A 'state':20A 'the':19A 'to':4A 'transportation':3A"
"5fbc77b6-2519-49e5-baaa-6c8807c26700";"3ed703ca-7f43-4b67-bffe-32005dd5f76d";"18093957";"ANÁLISE DA RELAÇÃO DA CULTURA MAKER, FABLABS E ROBÓTICA EDUCACIONAL NA EDUCAÇÃO";"2019";"'cultura':3A 'da':1A,2A 'de':11 'e':6A 'eduardo':9 'educacional':7A 'fablabs':5A 'freitas':12 'jorge':13 'maker':4A 'manuel':10 'na':8A"
"d063ba0f-7e57-4299-9fce-e2926d6c86b8";"3ed703ca-7f43-4b67-bffe-32005dd5f76d";"16762592";"Inteligência Artificial e Virtualização em Ambientes Virtuais de Ensino e Aprendizagem: Desafios e Perspectivas Tecnológicas";"2021";"'ambientes':4A 'aprendizagem':9A 'artificial':1A 'de':6A,15 'desafios':10A 'e':2A,8A,11A 'eduardo':13 'em':3A 'ensino':7A 'freitas':16 'jorge':17 'manuel':14 'perspectivas':12A 'virtuais':5A"
"f4dc8621-7528-4dbb-b07e-d5a004f68d52";"3ed703ca-7f43-4b67-bffe-32005dd5f76d";"23170026";"CATÁLOGO DE AÇÕES DA AGÊNCIA UNEB DE INOVAÇÃO DURANTE O ANO DE 2018 COM BASE NA ESTRATÉGIA NACIONAL DE CT&I DO BRASIL 2016-2022";"2019";"'-2022':20A '2016':19A '2018':9A 'ano':7A 'base':11A 'brasil':18A 'com':10A 'ct':15A 'da':2A 'de':1A,4A,8A,14A,23 'do':17A 'durante':5A 'eduardo':21 'freitas':24 'i':16A 'jorge':25 'manuel':22 'na':12A 'nacional':13A 'o':6A 'uneb':3A"
"38546792-14c0-4906-b3b8-74236c19888e";"3ed703ca-7f43-4b67-bffe-32005dd5f76d";"23189584";"CENÁRIO DO GRUPO DE APOIO ÀS CRIANÇAS COM CÂNCER (GACC-BA): PROPOSTA DE UM AMBIENTE VIRTUAL COLABORATIVO COMO INSTRUMENTO DE INTERAÇÃO, PARTICIPAÇÃO E CONTRIBUIÇÃO PARA A INSTITUIÇÃO";"2020";"'a':20A 'ambiente':12A 'apoio':4A 'ba':8A 'colaborativo':14A 'com':5A 'como':15A 'de':3A,10A,17A,23 'do':1A 'e':18A 'eduardo':21 'freitas':24 'gacc':7A 'gacc-ba':6A 'grupo':2A 'instrumento':16A 'jorge':25 'manuel':22 'para':19A 'proposta':9A 'um':11A 'virtual':13A"
"f0121d14-f2e9-42d6-8da0-4d264a26d493";"3ed703ca-7f43-4b67-bffe-32005dd5f76d";"21757534";"PROPOSTA DE (RE)DESIGN DO AMBIENTE EDUCATIVO FORMAL UNIVERSITÁRIO PARA ESTIMULAR UMA APRENDIZAGEM PROTAGONISTA, CRIATIVA E INOVADORA";"2020";"'ambiente':6A 'aprendizagem':12A 'criativa':14A 'de':2A,19 'design':4A 'do':5A 'e':15A 'eduardo':17 'educativo':7A 'estimular':10A 'formal':8A 'freitas':20 'inovadora':16A 'jorge':21 'manuel':18 'para':9A 'proposta':1A 'protagonista':13A 're':3A 'uma':11A"
"5ad41e4b-5c0f-4c37-b966-817e2ebe5389";"3ed703ca-7f43-4b67-bffe-32005dd5f76d";"19818920";"Arquitetura da Informação Analítica para Integração de Dados da Pesquisa e Pós-Graduação: Um Estudo de Caso da Universidade do Estado da Bahia";"2020";"'arquitetura':1A 'bahia':18A 'caso':12A 'da':2A,6A,13A,17A 'dados':5A 'de':4A,11A,21 'do':15A 'e':8A 'eduardo':19 'estado':16A 'estudo':10A 'freitas':22 'jorge':23 'manuel':20 'para':3A 'pesquisa':7A 'um':9A 'universidade':14A"
"fb9e67df-60dd-41df-8a6f-e2751c88ade3";"3ed703ca-7f43-4b67-bffe-32005dd5f76d";"23170026";"FACE SHIELD FOR LIFE 3D: PRODUÇÃO COLABORATIVA, USANDO A COMUNIDADE DE MAKERS, DOS PROTETORES FACIAIS PADRÃO RC3 PARA OS PROFISSIONAIS DE SAÚDE EM SALVADOR";"2020";"'3d':5A 'a':8A 'colaborativa':6A 'comunidade':9A 'de':10A,19A,24 'dos':12A 'eduardo':22 'em':20A 'face':1A 'faciais':14A 'for':3A 'freitas':25 'jorge':26 'life':4A 'makers':11A 'manuel':23 'os':17A 'para':16A 'profissionais':18A 'protetores':13A 'rc3':15A 'salvador':21A 'shield':2A 'usando':7A"
"8d3aac6a-efb0-4f44-9cb6-16790e79d3e2";"3ed703ca-7f43-4b67-bffe-32005dd5f76d";"22309926";"A METHOD FOR ONTOLOGY MODELING BASED ON INSTANCES CONCEPTUAL CLASSIFICATION AND FORMALIZATION";"2020";"'a':1A 'and':11A 'based':6A 'classification':10A 'conceptual':9A 'de':15 'eduardo':13 'for':3A 'formalization':12A 'freitas':16 'instances':8A 'jorge':17 'manuel':14 'method':2A 'modeling':5A 'on':7A 'ontology':4A"
"36720d23-c489-4338-ab4e-7d1376947a51";"3ed703ca-7f43-4b67-bffe-32005dd5f76d";"18093957";"ROBÓTICA EDUCACIONAL: CONSTRUÇÃO DE UMA DINÂMICA A PARTIR DO ROBÔ ARDU";"2020";"'a':4A 'ardu':7A 'de':2A,10 'do':6A 'eduardo':8 'educacional':1A 'freitas':11 'jorge':12 'manuel':9 'partir':5A 'uma':3A"
"6c2bf3ea-1745-4d60-8eae-5a22f67f27b6";"3ed703ca-7f43-4b67-bffe-32005dd5f76d";"25253409";"Systemic arterial hypertension: treatment with Integrative and Complementary Health Practices";"2020";"'and':7A 'arterial':2A 'complementary':8A 'de':13 'eduardo':11 'freitas':14 'health':9A 'hypertension':3A 'integrative':6A 'jorge':15 'manuel':12 'practices':10A 'systemic':1A 'treatment':4A 'with':5A"
"c97991b4-1304-4788-ac00-25dbc36c7a8b";"3ed703ca-7f43-4b67-bffe-32005dd5f76d";"23170026";"Programa de Ideias Inovadoras do IFBA: proposição de melhorias baseada em critérios de avaliação";"2021";"'baseada':9A 'de':2A,7A,11A,14 'do':5A 'eduardo':12 'em':10A 'freitas':15 'ideias':3A 'ifba':6A 'inovadoras':4A 'jorge':16 'manuel':13 'melhorias':8A 'programa':1A"
"a555a467-28a6-4512-a78a-5ce5036b5078";"3ed703ca-7f43-4b67-bffe-32005dd5f76d";"25253409";"Spatial-temporal Correlation of Dengue Fever and Climatic Variables in the City of São Paulo, Brazil";"2021";"'and':8A 'brazil':16A 'city':13A 'climatic':9A 'correlation':4A 'de':19 'dengue':6A 'eduardo':17 'fever':7A 'freitas':20 'in':11A 'jorge':21 'manuel':18 'of':5A,14A 'paulo':15A 'spatial':2A 'spatial-temporal':1A 'temporal':3A 'the':12A 'variables':10A"
"180296b0-5cdd-44d6-88e6-be1078899b61";"3ed703ca-7f43-4b67-bffe-32005dd5f76d";"25253409";"Inteligência artificial em ambientes virtuais de ensino e aprendizagem: Uma proposta de modelo";"2021";"'ambientes':3A 'aprendizagem':8A 'artificial':1A 'de':5A,11A,15 'e':7A 'eduardo':13 'em':2A 'ensino':6A 'freitas':16 'jorge':17 'manuel':14 'modelo':12A 'proposta':10A 'uma':9A 'virtuais':4A"
"eaaa8073-8889-4227-8af9-73b4a59f97a5";"3ed703ca-7f43-4b67-bffe-32005dd5f76d";"25956825";"Dinâmica de ensino baseada em fabricação digital e PBL para apoiar os professores de psicologia na apresentação do Teste de Pirâmide Colorida Pfister / Teaching dynamics based on digital fabrication and PBL to support psychology teachers in presenting the Pfister Color Pyramid Test";"2021";"'and':26A 'apoiar':9A 'baseada':3A 'based':22A 'color':36A 'colorida':18A 'de':1A,12A,17A,41 'digital':5A,24A 'do':15A 'dynamics':21A 'e':6A 'eduardo':39 'em':4A 'ensino':2A 'fabrication':25A 'freitas':42 'in':32A 'jorge':43 'manuel':40 'na':14A 'on':23A 'os':10A 'para':8A 'pbl':7A,27A 'pfister':19A,35A 'presenting':33A 'professores':11A 'psicologia':13A 'psychology':30A 'pyramid':37A 'support':29A 'teachers':31A 'teaching':20A 'test':38A 'teste':16A 'the':34A 'to':28A"
"bfe2572a-01bb-4c74-928d-fe57fe4ebae2";"3ed703ca-7f43-4b67-bffe-32005dd5f76d";"25253409";"A teoria fundamentada em dados aplicada ao campo da educação superior";"2021";"'a':1A 'ao':7A 'aplicada':6A 'campo':8A 'da':9A 'dados':5A 'de':13 'eduardo':11 'em':4A 'freitas':14 'fundamentada':3A 'jorge':15 'manuel':12 'superior':10A 'teoria':2A"
"f45b864e-d9f5-44e8-ab63-c19a35b93804";"3ed703ca-7f43-4b67-bffe-32005dd5f76d";"20711050";"Analysis of Hydrous Ethanol Price Competitiveness after the Implementation of the Fossil Fuel Import Price Parity Policy in Brazil";"2021";"'after':7A 'analysis':1A 'brazil':19A 'competitiveness':6A 'de':22 'eduardo':20 'ethanol':4A 'fossil':12A 'freitas':23 'fuel':13A 'hydrous':3A 'implementation':9A 'import':14A 'in':18A 'jorge':24 'manuel':21 'of':2A,10A 'parity':16A 'policy':17A 'price':5A,15A 'the':8A,11A"
"45aab36e-6547-41d6-ba06-7b60ade0ca84";"3ed703ca-7f43-4b67-bffe-32005dd5f76d";"24112933";"Architectural design of classroom to stimulate learning in Higher Education";"2022";"'architectural':1A 'classroom':4A 'de':13 'design':2A 'eduardo':11 'education':10A 'freitas':14 'higher':9A 'in':8A 'jorge':15 'learning':7A 'manuel':12 'of':3A 'stimulate':6A 'to':5A"
"9a8cbf25-3e77-4206-a57d-84bac0a0ab4c";"3ed703ca-7f43-4b67-bffe-32005dd5f76d";"16604601";"A Critical Analysis of the COVID-19 Hospitalization Network in Countries with Limited Resources";"2022";"'-19':7A 'a':1A 'analysis':3A 'countries':11A 'covid':6A 'critical':2A 'de':17 'eduardo':15 'freitas':18 'hospitalization':8A 'in':10A 'jorge':19 'limited':13A 'manuel':16 'network':9A 'of':4A 'resources':14A 'the':5A 'with':12A"
"87091585-583a-4aa0-b2f3-e4b501848c9f";"3ed703ca-7f43-4b67-bffe-32005dd5f76d";"24112933";"A Proposal for the Integration of the Energy Matrix from a Graph Theory Perspective";"2022";"'a':1A,11A 'de':17 'eduardo':15 'energy':8A 'for':3A 'freitas':18 'from':10A 'graph':12A 'integration':5A 'jorge':19 'manuel':16 'matrix':9A 'of':6A 'perspective':14A 'proposal':2A 'the':4A,7A 'theory':13A"
"b8c1a9c2-5648-46e5-a7d6-9f553c2fe80c";"3ed703ca-7f43-4b67-bffe-32005dd5f76d";"17554365";"Synchronized spread of COVID-19 in the cities of Bahia, Brazil";"2022";"'-19':5A 'bahia':10A 'brazil':11A 'cities':8A 'covid':4A 'de':14 'eduardo':12 'freitas':15 'in':6A 'jorge':16 'manuel':13 'of':3A,9A 'spread':2A 'synchronized':1A 'the':7A"
"c5db51db-d12b-452c-b5e2-e20d59c93820";"3ed703ca-7f43-4b67-bffe-32005dd5f76d";"24112933";"An evaluation model for accessibility conditions of salvador bus stops";"2022";"'accessibility':5A 'an':1A 'bus':9A 'conditions':6A 'de':13 'eduardo':11 'evaluation':2A 'for':4A 'freitas':14 'jorge':15 'manuel':12 'model':3A 'of':7A 'salvador':8A 'stops':10A"
"521341eb-373f-47cf-bbc2-564e5cf71979";"3ed703ca-7f43-4b67-bffe-32005dd5f76d";"21788030";"IMPRESSÃO 3D: DA PESQUISA AO SETOR PRODUTIVO Um estudo exploratório sobre sua evolução histórica, origem, tecnologias, aplicações e inovações";"2022";"'3d':1A 'ao':4A 'da':2A 'de':16 'e':13A 'eduardo':14 'estudo':8A 'freitas':17 'jorge':18 'manuel':15 'origem':11A 'pesquisa':3A 'produtivo':6A 'setor':5A 'sobre':9A 'sua':10A 'tecnologias':12A 'um':7A"
"1c50ac8e-a3c0-4faf-be3c-0949102e5941";"3ed703ca-7f43-4b67-bffe-32005dd5f76d";"23170026";"Portal de Acesso às Informações das Ações das Universidades Federais em Resposta à Pandemia de Covid-19: uma análise do período pandêmico até a transição para uma pós-pandemia";"2023";"'-19':13A 'a':16A 'acesso':3A 'covid':12A 'das':4A,5A 'de':2A,11A,22 'do':15A 'eduardo':20 'em':8A 'federais':7A 'freitas':23 'jorge':24 'manuel':21 'pandemia':10A,19A 'para':17A 'portal':1A 'resposta':9A 'uma':14A,18A 'universidades':6A"
"4bbf724c-300c-4f34-a06d-5de160a5cdba";"3ed703ca-7f43-4b67-bffe-32005dd5f76d";"21789010";"Desenvolvimento sustentável: uma proposta para descarbonização de frotas de veículos";"2023";"'de':5A,7A,10 'desenvolvimento':1A 'eduardo':8 'freitas':11 'frotas':6A 'jorge':12 'manuel':9 'para':4A 'proposta':3A 'uma':2A"
"7048388d-6d65-4356-925d-bf9bc3ecf566";"3ed703ca-7f43-4b67-bffe-32005dd5f76d";"1981223X";"APLICAÇÃO DE CONCEITOS E CRITÉRIOS DE DESEMPENHO PARA UMA SALA DE AULA INOVADORA";"2023";"'aula':10A 'conceitos':2A 'de':1A,4A,9A,14 'desempenho':5A 'e':3A 'eduardo':12 'freitas':15 'inovadora':11A 'jorge':16 'manuel':13 'para':6A 'sala':8A 'uma':7A"
"5e3e0428-ecb5-45dc-b7d2-195f9e23b9a9";"3ed703ca-7f43-4b67-bffe-32005dd5f76d";"23166517";"SAÚDE PÚBLICA: PROSPECÇÃO TECNOLÓGICA DOS REGISTROS DE SOFTWARES PARA O COMBATE A DENGUE";"2022";"'a':8A 'combate':7A 'de':3A,12 'dengue':9A 'dos':1A 'eduardo':10 'freitas':13 'jorge':14 'manuel':11 'o':6A 'para':5A 'registros':2A 'softwares':4A"
"f8f8cb78-8a46-4007-acd1-a39288392883";"3ed703ca-7f43-4b67-bffe-32005dd5f76d";"15411389";"Mapeamento científico e tecnológico sobre Impressão 3D";"2023";"'3d':4A 'de':7 'e':2A 'eduardo':5 'freitas':8 'jorge':9 'manuel':6 'mapeamento':1A 'sobre':3A"
"1457dcac-1a81-4622-b1ef-97571b7fdac2";"3ed703ca-7f43-4b67-bffe-32005dd5f76d";"00105236";"Maker Culture: dissemination of knowledge and development of skills and competencies for the 21st century";"2023";"'21st':14A 'and':6A,10A 'century':15A 'competencies':11A 'culture':2A 'de':18 'development':7A 'dissemination':3A 'eduardo':16 'for':12A 'freitas':19 'jorge':20 'knowledge':5A 'maker':1A 'manuel':17 'of':4A,8A 'skills':9A 'the':13A"
"c7a2cafd-a0a2-477b-a572-65007a877d02";"3ed703ca-7f43-4b67-bffe-32005dd5f76d";"15411389";"Difusão e utilização de informações acadêmicas: um modelo de gestão do conhecimento para subsidiar gestores universitários";"2024";"'conhecimento':7A 'de':2A,5A,13 'do':6A 'e':1A 'eduardo':11 'freitas':14 'gestores':10A 'jorge':15 'manuel':12 'modelo':4A 'para':8A 'subsidiar':9A 'um':3A"
"b39b04df-282d-41ec-ac70-3c38b793d9d4";"3ed703ca-7f43-4b67-bffe-32005dd5f76d";"19831358";"Solução para Mapeamento e Consulta das Competências dos Pesquisadores: uma arquitetura para extração, integração e consultas de informações acadêmicas";"2024";"'arquitetura':9A 'consulta':4A 'consultas':12A 'das':5A 'de':13A,16 'dos':6A 'e':3A,11A 'eduardo':14 'freitas':17 'jorge':18 'manuel':15 'mapeamento':2A 'para':1A,10A 'pesquisadores':7A 'uma':8A"
"1354e190-bfce-4470-a0f2-068f910377ed";"3ed703ca-7f43-4b67-bffe-32005dd5f76d";"19887833";"Diretrizes para o planejamento de um ambiente de aprendizagem neuroarqeducativo";"2023";"'ambiente':7A 'aprendizagem':9A 'de':5A,8A,13 'diretrizes':1A 'eduardo':11 'freitas':14 'jorge':15 'manuel':12 'neuroarqeducativo':10A 'o':3A 'para':2A 'planejamento':4A 'um':6A"
